project_short_title,milestone_title,work_package_title
AI Assistant,Data Collection & Preparation,Define comprehensive data requirements and collection strategy
AI Assistant,Data Collection & Preparation,Set up automated data collection pipeline with validation
AI Assistant,Data Collection & Preparation,Perform data cleaning and preprocessing operations
AI Assistant,Data Collection & Preparation,Implement data quality validation and monitoring
AI Assistant,Model Architecture Design,Research and analyze existing AI architectures
AI Assistant,Model Architecture Design,Design neural network layers and connections
AI Assistant,Model Architecture Design,Create detailed architecture documentation
AI Assistant,Model Architecture Design,Review and optimize architecture design
AI Assistant,Model Architecture Design,Validate architecture with stakeholders
AI Assistant,Initial Training & Validation,Configure distributed training environment
AI Assistant,Initial Training & Validation,Execute baseline training with initial dataset
AI Assistant,Initial Training & Validation,Analyze validation metrics and performance
AI Assistant,Initial Training & Validation,Fine-tune hyperparameters for optimal results
AI Assistant,Initial Training & Validation,Document training procedures and results
AI Assistant,Initial Training & Validation,Conduct cross-validation testing
AI Assistant,Performance Optimization,Identify and analyze performance bottlenecks
AI Assistant,Performance Optimization,Optimize model inference speed and efficiency
AI Assistant,Performance Optimization,Conduct comprehensive performance benchmarking
AI Assistant,Integration Testing,Develop comprehensive API integration test suite
AI Assistant,Integration Testing,Execute end-to-end testing scenarios
AI Assistant,Integration Testing,Perform load and stress testing
AI Assistant,Integration Testing,Document test results and findings
AI Assistant,Integration Testing,Address identified issues and retest
AI Assistant,Production Deployment,Design and set up production infrastructure
AI Assistant,Production Deployment,Deploy model to production environment
AI Assistant,Production Deployment,Configure auto-scaling and load balancing
AI Assistant,Production Deployment,Establish rollback and recovery procedures
AI Assistant,Model Monitoring Setup,Configure real-time monitoring dashboards
AI Assistant,Model Monitoring Setup,Set up automated alerting and notification system
AI Assistant,Model Monitoring Setup,Implement performance tracking and logging
AI Assistant,Model Monitoring Setup,Create model drift detection mechanisms
AI Assistant,Model Monitoring Setup,Test monitoring system effectiveness
AI Assistant,Documentation & Knowledge Transfer,Write comprehensive technical documentation
AI Assistant,Documentation & Knowledge Transfer,Create detailed user guides and tutorials
AI Assistant,Documentation & Knowledge Transfer,Conduct team training sessions
AI Assistant,Documentation & Knowledge Transfer,Prepare knowledge base and FAQ
Smart Analytics,Requirements Analysis,Conduct stakeholder interviews and workshops
Smart Analytics,Requirements Analysis,Define key performance indicators and metrics
Smart Analytics,Requirements Analysis,Create detailed requirements documentation
Smart Analytics,Requirements Analysis,Validate requirements with stakeholders
Smart Analytics,Requirements Analysis,Prioritize requirements and features
Smart Analytics,Data Source Integration,Identify and catalog all data sources
Smart Analytics,Data Source Integration,Connect to internal and external data sources
Smart Analytics,Data Source Integration,Perform data schema mapping and transformation
Smart Analytics,Dashboard Design,Create UI/UX wireframes and mockups
Smart Analytics,Dashboard Design,Design interactive dashboard components
Smart Analytics,Dashboard Design,Conduct user feedback and review sessions
Smart Analytics,Dashboard Design,Refine design based on feedback
Smart Analytics,Dashboard Design,Finalize dashboard layouts and specifications
Smart Analytics,Dashboard Design,Create design system documentation
Smart Analytics,ETL Pipeline Development,Build data extraction layer with error handling
Smart Analytics,ETL Pipeline Development,Implement transformation and business logic
Smart Analytics,ETL Pipeline Development,Configure loading to data warehouse
Smart Analytics,ETL Pipeline Development,Add data quality checks and validation
Smart Analytics,Real-time Processing Setup,Configure streaming data pipeline infrastructure
Smart Analytics,Real-time Processing Setup,Implement real-time data validation rules
Smart Analytics,Real-time Processing Setup,Optimize for low-latency processing
Smart Analytics,Real-time Processing Setup,Test streaming performance and reliability
Smart Analytics,Real-time Processing Setup,Set up error handling and recovery
Smart Analytics,Visualization Implementation,Implement interactive charts and graphs
Smart Analytics,Visualization Implementation,Add dynamic filtering and drill-down capabilities
Smart Analytics,Visualization Implementation,Ensure responsive design across devices
Smart Analytics,Performance Testing,Execute comprehensive load testing scenarios
Smart Analytics,Performance Testing,Optimize database query performance
Smart Analytics,Performance Testing,Implement intelligent caching strategy
Smart Analytics,Performance Testing,Validate performance under peak loads
Smart Analytics,Performance Testing,Document performance benchmarks
Smart Analytics,Performance Testing,Create performance tuning guidelines
Smart Analytics,User Acceptance Testing,Organize user testing sessions with stakeholders
Smart Analytics,User Acceptance Testing,Collect and document user feedback
Smart Analytics,User Acceptance Testing,Implement bug fixes and improvements
Smart Analytics,Documentation,Create comprehensive system documentation
Smart Analytics,Documentation,Write detailed user manual and guides
Smart Analytics,Documentation,Develop API documentation and examples
IoT Security,Device Protocol Analysis,Analyze device communication protocols and patterns
IoT Security,Device Protocol Analysis,Identify potential security vulnerabilities
IoT Security,Device Protocol Analysis,Create detailed protocol documentation
IoT Security,Security Framework Design,Define comprehensive security architecture
IoT Security,Security Framework Design,Design multi-layered authentication flow
IoT Security,Security Framework Design,Create security framework documentation
IoT Security,Security Framework Design,Review with security experts
IoT Security,Authentication Implementation,Implement secure device authentication mechanisms
IoT Security,Authentication Implementation,Add multi-factor authentication support
IoT Security,Authentication Implementation,Create authentication testing suite
IoT Security,Authentication Implementation,Validate authentication security
IoT Security,Authentication Implementation,Document authentication procedures
IoT Security,Encryption Layer Development,Implement end-to-end data encryption
IoT Security,Encryption Layer Development,Build secure key management system
IoT Security,Encryption Layer Development,Test encryption implementation
IoT Security,Encryption Layer Development,Validate encryption standards compliance
IoT Security,Device Management Portal,Build comprehensive admin dashboard
IoT Security,Device Management Portal,Implement device provisioning and lifecycle management
IoT Security,Device Management Portal,Add granular user access controls
IoT Security,Device Management Portal,Create device monitoring and alerting
IoT Security,Device Management Portal,Test portal functionality
IoT Security,Device Management Portal,Optimize portal performance
IoT Security,Testing & Validation,Conduct security penetration testing
IoT Security,Testing & Validation,Perform vulnerability assessment
IoT Security,Testing & Validation,Execute compliance validation checks
IoT Security,Security Audit,Engage external security auditors
IoT Security,Security Audit,Conduct comprehensive vulnerability assessment
IoT Security,Security Audit,Review and address audit findings
IoT Security,Security Audit,Prepare final audit report
IoT Security,Security Audit,Implement remediation measures
IoT Security,Production Rollout,Deploy to production environment
IoT Security,Production Rollout,Configure monitoring and alerting systems
IoT Security,Production Rollout,Establish incident response procedures
Cloud Migration,Infrastructure Assessment,Audit current infrastructure and dependencies
Cloud Migration,Infrastructure Assessment,Conduct cloud readiness assessment
Cloud Migration,Infrastructure Assessment,Perform detailed cost-benefit analysis
Cloud Migration,Infrastructure Assessment,Identify migration risks and challenges
Cloud Migration,Infrastructure Assessment,Create infrastructure inventory
Cloud Migration,Migration Strategy Design,Define phased migration approach
Cloud Migration,Migration Strategy Design,Create comprehensive risk mitigation plan
Cloud Migration,Migration Strategy Design,Develop detailed timeline and milestones
Cloud Migration,Cloud Architecture Setup,Configure cloud resources and services
Cloud Migration,Cloud Architecture Setup,Set up secure network infrastructure
Cloud Migration,Cloud Architecture Setup,Implement security and compliance controls
Cloud Migration,Cloud Architecture Setup,Configure monitoring and logging
Cloud Migration,Cloud Architecture Setup,Test cloud infrastructure
Cloud Migration,Cloud Architecture Setup,Document architecture decisions
Cloud Migration,Data Migration Planning,Develop data migration strategy and approach
Cloud Migration,Data Migration Planning,Create data validation and verification plan
Cloud Migration,Data Migration Planning,Establish backup and recovery procedures
Cloud Migration,Data Migration Planning,Plan for data synchronization
Cloud Migration,Data Migration Planning,Test migration procedures
Cloud Migration,Application Migration,Migrate applications in phases
Cloud Migration,Application Migration,Update configurations for cloud environment
Cloud Migration,Application Migration,Conduct application testing and validation
Cloud Migration,Testing & Validation,Execute comprehensive integration testing
Cloud Migration,Testing & Validation,Perform performance and load testing
Cloud Migration,Testing & Validation,Conduct user acceptance testing
Cloud Migration,Testing & Validation,Validate disaster recovery procedures
Cloud Migration,Testing & Validation,Document test results
Cloud Migration,Performance Optimization,Analyze and optimize resource utilization
Cloud Migration,Performance Optimization,Configure auto-scaling policies
Cloud Migration,Performance Optimization,Implement performance monitoring
Cloud Migration,Go-Live & Monitoring,Execute production cutover plan
Cloud Migration,Go-Live & Monitoring,Set up 24/7 monitoring and alerting
Cloud Migration,Go-Live & Monitoring,Establish support and escalation procedures
Cloud Migration,Go-Live & Monitoring,Conduct post-migration validation
ML Pipeline,Data Collection & Preparation,Integrate multiple data sources
ML Pipeline,Data Collection & Preparation,Implement data preprocessing workflows
ML Pipeline,Data Collection & Preparation,Develop feature engineering pipeline
ML Pipeline,Pipeline Architecture Design,Design end-to-end pipeline workflow
ML Pipeline,Pipeline Architecture Design,Define component architecture and interfaces
ML Pipeline,Pipeline Architecture Design,Plan for scalability and fault tolerance
ML Pipeline,Pipeline Architecture Design,Document architecture decisions
ML Pipeline,Pipeline Architecture Design,Review architecture with team
ML Pipeline,Model Development,Develop and train multiple ML models
ML Pipeline,Model Development,Implement cross-validation strategies
ML Pipeline,Model Development,Set up model versioning system
ML Pipeline,Model Development,Create model evaluation framework
ML Pipeline,Model Development,Document model development process
ML Pipeline,Model Development,Conduct model performance analysis
ML Pipeline,Automated Training Setup,Configure automated training workflows
ML Pipeline,Automated Training Setup,Implement training scheduling system
ML Pipeline,Automated Training Setup,Set up resource allocation and management
ML Pipeline,Validation & Testing,Conduct model accuracy and performance testing
ML Pipeline,Validation & Testing,Implement k-fold cross-validation
ML Pipeline,Validation & Testing,Execute A/B testing framework
ML Pipeline,Validation & Testing,Validate model robustness
ML Pipeline,Validation & Testing,Document validation results
ML Pipeline,Performance Optimization,Optimize training speed and efficiency
ML Pipeline,Performance Optimization,Reduce model size without accuracy loss
ML Pipeline,Performance Optimization,Optimize inference performance
ML Pipeline,Production Deployment,Deploy pipeline to production
ML Pipeline,Production Deployment,Set up API endpoints and services
ML Pipeline,Production Deployment,Configure rollback and recovery procedures
ML Pipeline,Production Deployment,Test production deployment
ML Pipeline,Production Deployment,Create deployment documentation
ML Pipeline,Monitoring & Maintenance,Implement comprehensive performance monitoring
ML Pipeline,Monitoring & Maintenance,Set up data drift detection and alerting
ML Pipeline,Monitoring & Maintenance,Configure automated model retraining
Blockchain ID,Blockchain Selection,Research available blockchain platforms
Blockchain ID,Blockchain Selection,Conduct detailed platform comparison
Blockchain ID,Blockchain Selection,Evaluate costs and scalability
Blockchain ID,Smart Contract Design,Define detailed contract requirements
Blockchain ID,Smart Contract Design,Design contract logic and workflows
Blockchain ID,Smart Contract Design,Create comprehensive contract documentation
Blockchain ID,Smart Contract Design,Review design with stakeholders
Blockchain ID,Smart Contract Design,Finalize contract specifications
Blockchain ID,Identity Schema Development,Define identity attributes and data model
Blockchain ID,Identity Schema Development,Create schema validation rules
Blockchain ID,Identity Schema Development,Document schema specifications
Blockchain ID,Identity Schema Development,Test schema with sample data
Blockchain ID,Identity Schema Development,Validate schema compliance
Blockchain ID,Identity Schema Development,Finalize schema design
Blockchain ID,Smart Contract Implementation,Implement smart contracts in Solidity
Blockchain ID,Smart Contract Implementation,Write comprehensive unit tests
Blockchain ID,Smart Contract Implementation,Conduct thorough code review
Blockchain ID,Smart Contract Implementation,Optimize gas consumption
Blockchain ID,Verification System,Build identity verification service
Blockchain ID,Verification System,Integrate with blockchain network
Blockchain ID,Verification System,Implement verification workflows
Blockchain ID,Verification System,Test verification processes
Blockchain ID,Verification System,Optimize verification performance
Blockchain ID,Integration Testing,Execute end-to-end testing scenarios
Blockchain ID,Integration Testing,Perform load and stress testing
Blockchain ID,Integration Testing,Identify and fix bugs
Blockchain ID,Security Audit,Conduct smart contract security audit
Blockchain ID,Security Audit,Perform penetration testing
Blockchain ID,Security Audit,Address security findings
Blockchain ID,Production Deployment,Deploy contracts to mainnet
Blockchain ID,Production Deployment,Configure monitoring and alerting
Blockchain ID,Production Deployment,Create operational documentation
Blockchain ID,Production Deployment,Train support team
Edge Computing,Platform Architecture Design,Define platform requirements and constraints
Edge Computing,Platform Architecture Design,Design distributed system architecture
Edge Computing,Platform Architecture Design,Create architecture documentation
Edge Computing,Edge Node Setup,Configure edge computing devices
Edge Computing,Edge Node Setup,Set up secure network connections
Edge Computing,Edge Node Setup,Test device connectivity and performance
Edge Computing,Edge Node Setup,Document setup procedures
Edge Computing,Edge Node Setup,Validate edge node functionality
Edge Computing,Communication Protocol,Design efficient communication layer
Edge Computing,Communication Protocol,Implement communication protocols
Edge Computing,Communication Protocol,Test protocol reliability and performance
Edge Computing,Communication Protocol,Optimize for low bandwidth
Edge Computing,Communication Protocol,Document protocol specifications
Edge Computing,Data Processing Engine,Build edge data processing engine
Edge Computing,Data Processing Engine,Optimize for resource-constrained devices
Edge Computing,Data Processing Engine,Test processing performance
Edge Computing,Data Processing Engine,Implement error handling and recovery
Edge Computing,Application Development,Develop edge computing applications
Edge Computing,Application Development,Create RESTful API interfaces
Edge Computing,Application Development,Test application functionality
Edge Computing,Testing & Validation,Conduct system integration testing
Edge Computing,Testing & Validation,Perform load and stress testing
Edge Computing,Testing & Validation,Validate edge scenarios
Edge Computing,Testing & Validation,Document test results
Edge Computing,Testing & Validation,Address identified issues
Edge Computing,Performance Optimization,Optimize resource utilization
Edge Computing,Performance Optimization,Reduce latency and improve responsiveness
Edge Computing,Performance Optimization,Implement performance monitoring
Edge Computing,Deployment & Support,Deploy to production environment
Edge Computing,Deployment & Support,Conduct user training sessions
Edge Computing,Deployment & Support,Create support documentation
Green Energy,Sensor Network Setup,Install IoT sensors across buildings
Green Energy,Sensor Network Setup,Configure sensor network communication
Green Energy,Sensor Network Setup,Test sensor accuracy and reliability
Green Energy,Data Collection System,Build real-time data collection service
Green Energy,Data Collection System,Implement streaming data pipeline
Green Energy,Data Collection System,Add data validation and quality checks
Green Energy,Data Collection System,Test data collection reliability
Green Energy,Data Collection System,Create data storage solution
Green Energy,AI Model Development,Develop energy prediction models
Green Energy,AI Model Development,Train models with historical data
Green Energy,AI Model Development,Validate model accuracy and performance
Green Energy,AI Model Development,Optimize model for real-time predictions
Green Energy,AI Model Development,Document model specifications
Green Energy,Optimization Algorithm,Design energy optimization logic
Green Energy,Optimization Algorithm,Implement optimization algorithms
Green Energy,Optimization Algorithm,Test algorithm effectiveness
Green Energy,Optimization Algorithm,Fine-tune optimization parameters
Green Energy,Control System Integration,Integrate with building management systems
Green Energy,Control System Integration,Implement automated control logic
Green Energy,Control System Integration,Test system integration
Green Energy,Control System Integration,Validate control effectiveness
Green Energy,Control System Integration,Document integration procedures
Green Energy,Testing & Calibration,Calibrate sensors and systems
Green Energy,Testing & Calibration,Validate energy savings predictions
Green Energy,Testing & Calibration,Conduct performance testing
Green Energy,User Dashboard,Build intuitive dashboard interface
Green Energy,User Dashboard,Implement real-time monitoring features
Green Energy,User Dashboard,Add energy analytics and reporting
Green Energy,User Dashboard,Conduct user testing and refinement
Green Energy,User Dashboard,Optimize dashboard performance
Green Energy,Deployment & Training,Deploy system to production
Green Energy,Deployment & Training,Conduct comprehensive user training
Green Energy,Deployment & Training,Create user documentation and guides
